artist,predicted,count
chick,bad,1
chick,good,5
chick,in-between,4
jordan,bad,1
jordan,good,4
jordan,in-between,5
keith,bad,3
keith,good,3
keith,in-between,4
unmusical,bad,4
unmusical,good,3
unmusical,in-between,3
